<BackupInst xmlns="http://www.microsoft.com/GroupPolicy/GPOOperations/Manifest" xmlns:mfst="http://www.microsoft.com/GroupPolicy/GPOOperations/Manifest" mfst:SIPresent="true"><GPOGuid><![CDATA[{dfe59de3-95e9-4ca7-8561-046a8754cadc}]]></GPOGuid><GPODomain><![CDATA[MME-DEMO.local]]></GPODomain><GPODomainGuid><![CDATA[{e43c45d3-e9ef-4915-927d-74886692cd26}]]></GPODomainGuid><GPODomainController><![CDATA[Server.MME-DEMO.local]]></GPODomainController><BackupTime><![CDATA[2024-10-02T20:43:20]]></BackupTime><ID><![CDATA[{070BC1FC-CC61-4861-9F83-789CA2B2C4DF}]]></ID><Comment><![CDATA[]]></Comment><GPODisplayName><![CDATA[Watchguard - SSO Client - Install]]></GPODisplayName></BackupInst>
